system,feature,description,mean_distance_A,sd_distance_A,mean_shap_kcal_mol,mean_abs_shap_kcal_mol,spearman_r_with_barrier,importance_rank_within_system
WT-Delta1,d1,Phe72 H-zeta (Tyr72 H-eta) - Glu166 O-epsilon2,3.3374520635604856,0.4830111740633413,-2.166117624081671,2.170720589719713,-0.058080789140977584,2
WT-Delta1,d2,Lys73 H-zeta2 - Glu166 O-epsilon2,2.1554047149419784,0.3253716976804804,-0.4416962070483714,1.9100150159280747,0.6334322859562906,3
WT-Delta1,d3,Deacylating-water H1 - Glu166 O-epsilon2,1.6497444766759872,0.09397636124915587,-0.10800441910047084,0.49061860555782916,-0.24103463741816278,7
WT-Delta1,d4,Deacylating-water H1 - Glu166 O-epsilon1,2.511090186238289,0.19499872839334795,0.5484864852676401,1.1151056973676896,-0.2735457489626553,5
WT-Delta1,d5,Asn170 H-delta2 - Glu166 O-epsilon1,1.921396409869194,0.0961224574091958,0.06898509586288128,0.39498833271616607,-0.26514252627724466,8
WT-Delta1,d6,Deacylating-water H2 - Asn170 O-delta,1.7693935912847518,0.06184667849320847,-0.08789758392609656,0.36027502357959745,0.35394112944032835,12
WT-Delta1,d7,Lys73 H-zeta1 - deacylating-water O,2.824135295152664,0.505287165960055,0.15353234292560955,0.3672821555341943,-0.6716570489125517,11
WT-Delta1,d8,Lys73 H-zeta2 - Asn132 O-delta,1.8590629816055297,0.18334155462251034,-0.06307661502738483,0.3415859540423844,-0.4974739330597858,13
WT-Delta1,d9,Deacylating-water O - imipenem C7,2.8657161629199983,0.2035034272226009,0.5866998956538737,6.3696700028516355,0.8495872640634535,1
WT-Delta1,d10,Lys73 H-zeta1 - Ser70 O-gamma,2.1161530500650407,0.12256852101652096,-0.04888282393570989,0.2554953337134793,0.3424088238342169,16
WT-Delta1,d11,Imipenem 6-alpha-OH - deacylating-water O,3.4686088520288467,1.4159335060276415,-0.13160200213780626,1.539256601149682,-0.4338774977541786,4
WT-Delta1,d12,Imipenem 6-alpha-OH - Asn132 O-delta,3.6126119804382326,0.7772280722173555,-0.17304553049616517,0.33197986022103576,-0.3360509053493699,14
WT-Delta1,d13,Imipenem 6-alpha-OH - Glu166 O-epsilon1,4.174418246150017,1.2132756616363594,0.0854286106058862,0.2575899683742318,-0.026252945703090672,15
WT-Delta1,d14,Imipenem 6-alpha-OH - Glu166 O-epsilon2,4.59024424791336,1.4658026930437495,-0.1088634498626925,0.3740783192589879,-0.07225241468907055,10
WT-Delta1,d15,Lys73 H-zeta1 - Ser130 O-gamma,3.0784116792678833,0.4275414075792499,-0.06467592741246335,0.3872761818591971,0.5570450116934366,9
WT-Delta1,d16,Ser130 H-gamma - imipenem N4,1.8957261300086976,0.12323894004136395,0.5354981647589011,0.5837456965231104,0.0721909130592773,6
WT-Delta2,d1,Phe72 H-zeta (Tyr72 H-eta) - Glu166 O-epsilon2,3.108336124420166,0.3593864906004857,-2.152847491502762,2.152847491502762,-0.2983751569419947,2
WT-Delta2,d2,Lys73 H-zeta2 - Glu166 O-epsilon2,2.0225090116262434,0.2505181505750636,-1.104637328721583,1.7977280190214515,0.5429063870198669,3
WT-Delta2,d3,Deacylating-water H1 - Glu166 O-epsilon2,1.6528089070320129,0.07735417446311842,-0.12003755607176572,0.5590053971949964,-0.14505309390715174,7
WT-Delta2,d4,Deacylating-water H1 - Glu166 O-epsilon1,2.4155697882175446,0.11644764019236638,-0.09787421556888148,0.8819815412047319,0.03673522348346364,5
WT-Delta2,d5,Asn170 H-delta2 - Glu166 O-epsilon1,1.8823146772384645,0.07172202331599606,-0.06634451186051592,0.41189593842020256,0.0780313178300103,9
WT-Delta2,d6,Deacylating-water H2 - Asn170 O-delta,1.76354578435421,0.051587075195229204,-0.0981565545569174,0.365287029154133,0.4584526489957142,12
WT-Delta2,d7,Lys73 H-zeta1 - deacylating-water O,3.108399531841278,0.5052139450725263,-0.10540466286358424,0.329690728551941,-0.665657639928207,13
WT-Delta2,d8,Lys73 H-zeta2 - Asn132 O-delta,1.909563862681389,0.15851000967952872,0.048499578080372883,0.2796817154262681,-0.44359700532114016,14
WT-Delta2,d9,Deacylating-water O - imipenem C7,2.796074001789093,0.16681561110239118,-2.3288815933000295,5.488250253601,0.8640116463095994,1
WT-Delta2,d10,Lys73 H-zeta1 - Ser70 O-gamma,2.1741593676805495,0.12685813051135902,-0.08599821112584323,0.2069279190292582,0.06616750343891557,16
WT-Delta2,d11,Imipenem 6-alpha-OH - deacylating-water O,3.245157727599144,1.4240926646306022,0.16851118077058344,1.02706369896885,-0.2316773894510811,4
WT-Delta2,d12,Imipenem 6-alpha-OH - Asn132 O-delta,3.6568120563030244,0.9205286821823192,-0.0395748369244393,0.37833571894676427,-0.05346816690648318,11
WT-Delta2,d13,Imipenem 6-alpha-OH - Glu166 O-epsilon1,4.087621299624443,1.3041485704176923,0.03587123617588077,0.23532768843637314,0.24753130957998237,15
WT-Delta2,d14,Imipenem 6-alpha-OH - Glu166 O-epsilon2,4.614285399913788,1.5145846036177857,0.04074435247224756,0.44121284292661583,0.1572341667055946,8
WT-Delta2,d15,Lys73 H-zeta1 - Ser130 O-gamma,3.1971236658096314,0.5229152679990959,-0.1056859766074922,0.4079985355993267,0.3461131719994474,10
WT-Delta2,d16,Ser130 H-gamma - imipenem N4,2.5870456427335737,0.13881470505691898,-0.6126983410154935,0.651960872450145,0.012252324686617981,6
F72Y-Delta1,d1,Phe72 H-zeta (Tyr72 H-eta) - Glu166 O-epsilon2,1.6614422333240508,0.03673318099965498,2.1937115851044653,2.1937115851044653,-0.1141560251347945,2
F72Y-Delta1,d2,Lys73 H-zeta2 - Glu166 O-epsilon2,2.3930242496728895,0.4099506887103792,1.317854942139238,1.801729503273964,0.5737577045798169,4
F72Y-Delta1,d3,Deacylating-water H1 - Glu166 O-epsilon2,1.6546925407648088,0.07388760503313088,-0.03223501542117447,0.4235762084228918,-0.5358539501302814,10
F72Y-Delta1,d4,Deacylating-water H1 - Glu166 O-epsilon1,2.47632318854332,0.11755672870664279,0.6380488943308592,1.2257762476429344,0.22745327751210997,5
F72Y-Delta1,d5,Asn170 H-delta2 - Glu166 O-epsilon1,1.9471045798063278,0.10909472531879233,0.14047724890056998,0.34905879299039955,0.07419721622631348,12
F72Y-Delta1,d6,Deacylating-water H2 - Asn170 O-delta,1.7859906101226806,0.11552892845840076,0.05594101222697646,0.28757999448571353,-0.19862326351670664,14
F72Y-Delta1,d7,Lys73 H-zeta1 - deacylating-water O,2.916860752105713,0.5219521241188738,0.0552121593276388,0.32947122803801904,-0.5215720716604858,13
F72Y-Delta1,d8,Lys73 H-zeta2 - Asn132 O-delta,1.8526886260509492,0.17851505920573152,-0.08393949085730128,0.3758564411092084,-0.5333578839845257,11
F72Y-Delta1,d9,Deacylating-water O - imipenem C7,2.948041958808899,0.14659846920348663,3.761432982478291,5.853950097505003,0.7901331885303851,1
F72Y-Delta1,d10,Lys73 H-zeta1 - Ser70 O-gamma,2.0655006909370424,0.16140280036263258,0.09679011253057979,0.276793481571367,-0.08671054782961504,15
F72Y-Delta1,d11,Imipenem 6-alpha-OH - deacylating-water O,2.867536897659302,1.4207763157973128,0.5268878105515614,2.0102629324002192,-0.6715872970641278,3
F72Y-Delta1,d12,Imipenem 6-alpha-OH - Asn132 O-delta,3.387771818637848,0.8966561580904341,-0.06890432227868587,0.4407445344189182,-0.3067963801044179,9
F72Y-Delta1,d13,Imipenem 6-alpha-OH - Glu166 O-epsilon1,3.6053720194101335,1.2306894367007408,-0.047543167397379876,0.24371640170924366,-0.1350343284098548,16
F72Y-Delta1,d14,Imipenem 6-alpha-OH - Glu166 O-epsilon2,4.1650208926200865,1.5060139938494979,0.00045486677438020704,0.49269035637378694,-0.1992495301127722,7
F72Y-Delta1,d15,Lys73 H-zeta1 - Ser130 O-gamma,2.85417727291584,0.4368258512230361,0.2942128578352276,0.47719285092665814,0.30032670865811734,8
F72Y-Delta1,d16,Ser130 H-gamma - imipenem N4,1.9278173553943634,0.1640721237340301,0.7692371712694875,0.7890143067925237,0.16681342055583243,6
F72Y-Delta2,d1,Phe72 H-zeta (Tyr72 H-eta) - Glu166 O-epsilon2,1.648021120429039,0.028989474559178066,1.9175004795193673,1.9175004795193673,0.08943687007715767,2
F72Y-Delta2,d2,Lys73 H-zeta2 - Glu166 O-epsilon2,2.1525745463371275,0.33578740750874725,0.15903440685942768,1.0924609849601985,0.37286338088001286,4
F72Y-Delta2,d3,Deacylating-water H1 - Glu166 O-epsilon2,1.7016984558105468,0.056255195577839645,0.2825063945283182,0.46823455558391286,-0.34881999373022626,8
F72Y-Delta2,d4,Deacylating-water H1 - Glu166 O-epsilon1,2.3271142828464506,0.07737469009405751,-1.0436056640604512,1.254895649566315,0.23443671257314694,3
F72Y-Delta2,d5,Asn170 H-delta2 - Glu166 O-epsilon1,1.8654382181167604,0.05309946938065593,-0.03465505728847347,0.24292985367705114,0.008073213940178499,14
F72Y-Delta2,d6,Deacylating-water H2 - Asn170 O-delta,1.7868140935897827,0.03982487837745678,0.12405173972307239,0.24984792560862842,0.3544976441879698,13
F72Y-Delta2,d7,Lys73 H-zeta1 - deacylating-water O,3.1573059248924253,0.40345633193683145,-0.14193776335567235,0.2979711590637453,-0.6782609739165719,11
F72Y-Delta2,d8,Lys73 H-zeta2 - Asn132 O-delta,1.8979400736093521,0.14844669714252937,0.025241117861587555,0.2540860909107141,-0.23101137180161266,12
F72Y-Delta2,d9,Deacylating-water O - imipenem C7,2.82896374464035,0.13899539548489812,-1.2949290073476731,4.499206529613584,0.808511675560312,1
F72Y-Delta2,d10,Lys73 H-zeta1 - Ser70 O-gamma,2.0891601461172105,0.11779569907295609,-0.009725618424126878,0.16706251242780126,-0.2900387947927936,16
F72Y-Delta2,d11,Imipenem 6-alpha-OH - deacylating-water O,2.735669155716896,1.3134172044218564,-0.24540348172653467,0.7398552689654753,-0.4053602420468703,6
F72Y-Delta2,d12,Imipenem 6-alpha-OH - Asn132 O-delta,3.352309499979019,0.8385892500514478,-0.11614034925820306,0.3735054213111289,-0.18232908172087076,9
F72Y-Delta2,d13,Imipenem 6-alpha-OH - Glu166 O-epsilon1,3.1997577112913134,1.280148347265794,-0.10766410165466368,0.24015597133897246,0.0831127024867094,15
F72Y-Delta2,d14,Imipenem 6-alpha-OH - Glu166 O-epsilon2,4.021411044597626,1.4446580857651947,-0.08725004017702304,0.5334500942623709,0.01993027815239346,7
F72Y-Delta2,d15,Lys73 H-zeta1 - Ser130 O-gamma,3.060637685060501,0.4097408426846761,-0.013134251722949557,0.3101656016189372,0.4189063510187733,10
F72Y-Delta2,d16,Ser130 H-gamma - imipenem N4,2.5454714733362196,0.10583692414973156,-0.7872054656944237,0.7994158290349879,0.14025746682302861,5
